,Wind,Solar Rad,CO,NO,NO2,O3,HC
Wind,1.0,-0.10144191102756268,-0.19380318060220664,-0.2695426083039792,-0.10982487923179729,-0.2535928163086659,0.1560979309728037
Solar Rad,-0.10144191102756268,1.0,0.18279337652424815,-0.07356907471532115,0.11573199090089935,0.3191237332773967,0.052010440713164956
CO,-0.19380318060220664,0.18279337652424815,1.0,0.5021524568985598,0.5565838031967634,0.4109287516888067,0.16603234813559475
NO,-0.2695426083039792,-0.07356907471532115,0.5021524568985598,1.0,0.2968981420685878,-0.13395214477981124,0.2347043240919484
NO2,-0.10982487923179729,0.11573199090089935,0.5565838031967634,0.2968981420685878,1.0,0.1666421927598192,0.4477678025154071
O3,-0.2535928163086659,0.3191237332773967,0.4109287516888067,-0.13395214477981124,0.1666421927598192,1.0,0.15445056134174265
HC,0.1560979309728037,0.052010440713164956,0.16603234813559475,0.2347043240919484,0.4477678025154071,0.15445056134174265,1.0
